1,Essays,Michel de Montaigne,1580
2,Walden,Henry David Thoreau,1854
3,Confessions ,Augustine,398
4,The Interpretation of Dreams,Sigmund Freud,1899
5,The Prince,Niccolo Machiavelli,1532
6,The Diary of a Young Girl,Anne Frank,1944
7,The Autobiography of Malcolm X,Alex Haley,1965
8,The Confessions of Jean-Jacques Rousseau,Jean-Jacques Rousseau,1782
9,Silent Spring,Rachel Carson,1962
10,The Complete Works of Plato,Plato,-347
11,Pensées,Blaise Pascal,1670
12,On the Origin of Species,Charles Darwin,1859
13,In Cold Blood,Truman Capote,1966
14,The Elements of Style,"William Strunk, Jr, E. B. White",1918
15,The Double Helix: A Personal Account of the Discovery of the Structure of DNA,James D. Watson,1968
16,A Room of One's Own,Virginia Woolf,1929
17,Relativity,Albert Einstein,1917
18,"Look Homeward, Angel",Thomas Wolfe,1929
19,Homage to Catalonia,George Orwell,1938
20,"Speak, Memory",Vladimir Nabokov,1940
21,"The General Theory of Employment, Interest and Money",John Maynard Keynes,1936
22,Democracy in America,Alexis de Tocqueville,1840
23,The Second World War,Winston Churchill,1953
24,Communist Manifesto,"Karl Marx, Friedrich Engels",1848
25,Facundo,Domingo Faustino Sarmiento,1845
26,Black Lamb and Grey Falcon,Rebecca West,1941
27,The Education of Henry Adams,Henry Adams,1918
28,Out of Africa,Isak Dinesen,1937
29,Das Kapital,Karl Marx,1867
30,The Structure of Scientific Revolutions,Thomas Kuhn,1962
31,Dispatches,Michael Herr,1977
32,The Gulag Archipelago,Aleksandr Solzhenitsyn,1973
33,I Know Why the Caged Bird Sings,Maya Angelou,1969
34,The Civil War,Shelby Foote,1974
35,The Essential Writings of Ralph Waldo Emerson,Ralph Waldo Emerson,1882
36,If This Is a Man,Primo Levi,1947
37,The Histories of Herodotus,Herodotus,-420
38,The Principles of Psychology,Will James,1890
39,Collected Essays of George Orwell,George Orwell,1961
40,The Electric Kool-Aid Acid Test,Tom Wolfe,1968
41,The Art of War,Sun Zi,-200
42,Civilization and Its Discontents,Sigmund Freud,1929
43,The Death and Life of Great American Cities,Jane Jacobs,1961
44,Meditations,Marcus Aurelius,167
45,The Life of Samuel Johnson,James Boswell,1823
46,The Snow Leopard,Peter Matthiessen,1978
47,Selected Essays of T. S. Eliot,T. S. Eliot,1932
48,The Right Stuff,Tom Wolfe,1979
49,The Road to Serfdom,Friedrich von Hayek,1944
50,Leviathan,Thomas Hobbes,1651
51,R. E. Lee,Douglas Southall Freeman,1934
52,Discourse on Method,Rene Descartes,1637
53,The Varieties of Religious Experience,Will James,1902
54,The Liberal Imagination,Lionel Trilling,1950
55,Annals,Cornelius Tacitus,120
56,Angela's Ashes: A Memoir,Frank McCourt,1996
57,Oxford English Dictionary,Oxford University Press,1884
58,The Second Sex,Simone de Beauvoir,1949
59,Mere Christianity,C. S. Lewis,1942
60,The History of the Peloponnesian War,Thucydides,-450
61,Moveable Feast,Ernest Hemingway,1964
62,The Autobiography of Alice B. Toklas,Gertrude Stein,1933
63,The Origins of Totalitarianism,Hannah Arendt,1951
64,Parallel Lives,Plutarch,120
65,A Brief History of Time,Stephen Hawking,
66,Orthodoxy,G. K. Chesterton,1908
67,Philosophical Investigations,Ludwig Wittgenstein,1953
68,Night,Elie Wiesel,1960
69,The Affluent Society,John Kenneth Galbraith,1958
70,Mythology,Edith Hamilton,1942
71,The Open Society,Karl Popper,1945
72,The Color of Water: A Black Man's Tribute to His White Mother,James McBride,1995
73,Phaedo,Plato,-399
74,The Seven Storey Mountain,Thomas Merton,1948
75,Hiroshima,John Hersey,1946
76,Dialogue Concerning the Two Chief World Systems,Galileo,1632
77,Let Us Now Praise Famous Men,James Agee,1941
78,Pragmatism,Will James,1907
79,Ethics,Baruch de Spinoza,1676
80,The Making of the Atomic Bomb,Richard Rhodes,1988
81,The Federalist Papers,"Alexander Hamilton, James Madison, John Jay",1788
82,Beyond Good and Evil,Friedrich Nietzsche,1886
83,A Study of History,Arnold J. Toynbee,1961
84,Corpus Aristotelicum,Aristotle,-400
85,Three Essays on the Theory of Sexuality,Sigmund Freud,1905
86,Wild Swans: Three Daughters of China,Jung Chang,1991
87,The Seven Pillars of Wisdom,T. E. Lawrence,1926
88, The Feynman Lectures on Physics,Richard P. Feynman,1995
89,The Decline and Fall of the Roman Empire,Edward Gibbon,1776
90,The Golden Bough,James George Frazer,1890
91,Analects,Confucius,-350
92,Quotations from Chairman Mao,Mao,1964
93,Samuel Johnson,Walter Jackson Bate,1977
94,Slouching Towards Bethlehem,Joan Didion,1968
95,Tao Te Ching,Lao Tsu,-300
96,The Year of Magical Thinking,Joan Didion,2005
97,The Souls of Black Folk,W. E. B. Du Bois,1903
98,Black Boy,Richard Wright,1945
99,The Woman Warrior: Memoirs of a Girlhood Among Ghosts,Maxine Hong Kingston,1975
100,Civil Disobedience,Henry David Thoreau,1849
101,Autobiographies,W. B. Yeats,1926
102,On Writing,Stephen King,2000
103,Battle Cry of Freedom,James M. McPherson,1988
104,Memoirs From Beyond the Grave,François René De Chateaubriand,1849
105,Lives of the Caesars,Suetonius,121
106,Persepolis,Marjane Satrapi,2000
107,The Abolition of Man,C. S. Lewis,1943
108,Jefferson and His Time,Dumas Malone,1948
109,Maus,Art Spiegelman,1986
110,A Supposedly Fun Thing I'll Never Do Again,David Foster Wallace,1997
111,Henry James,Leon Edel,1963
112,On the Genealogy of Morality,Friedrich Nietzsche,1887
113,On Liberty,John Stuart Mill,1859
114,Summa Theologica,Thomas Aquinas,1274
115,Encyclopedia Britannica,Encyclopedia Britannica,1771
116,Apology,Plato,-399
117,Desert Solitaire,Edward Abbey,1968
118,Truman,David McCullough,1992
119,The George Sand-Gustave Flaubert Letters,Gustave Flaubert,1921
120,Witness,Whittaker Chambers,1952
121,The Power Broker,Robert Caro,1974
122,The Immortal Life of Henrietta Lacks,Rebecca Skloot,
123,The Constitution of Liberty,Friedrich von Hayek,1960
124,An Enquiry Concerning Human Understanding,David Hume,1748
125,Capitalism and Freedom,Milton Friedman,1962
126,Modern Times,Paul Johnson,1983
127,"Capitalism, Socialism, and Democracy",Joseph A. Schumpeter,1942
128,Nadja,André Breton,1928
129,Testament Of Youth,Vera Brittain,1933
130,A Modest Proposal and Other Satirical Works,Jonathan Swift,1729
131,The Tipping Point,Malcolm Gladwell,2000
132,The Guns of August,Barbara Tuchman,1962
133,Life on the Mississippi,Mark Twain,1883
134,The Quest for Community,Robert Nisbet,1953
135,Institutes of the Christian Religion,John Calvin,1536
136,The Praise of Folly,Erasmus,1509
137,Profiles in Courage,John F. Kennedy,1955
138,The Joy of Cooking,"Irma S. Rombauer, Marion Rombauer Becker, Ethan Becker",1936
139,The Emperor,Ryszard Kapuscinski,1978
140,Rights of Man,Thomas Paine,1791
141,Poetics,Aristotle,-335
142,The City in History,Lewis Mumford,1961
143,Rameau's Nephew,Denis Diderot,1805
144,Fear and Trembling,Soren Kierkegaard,1843
145,The Waning of the Middle Ages,Johan Huizinga,1919
146,Man's Search for Meaning,Victor Frankl,1984
147,Good-Bye to All That,Robert Graves,1929
148,Being and Nothingness,Jean Paul Sartre,1943
149,The Feminine Mystique,Betty Friedan,1963
150,The Myth of Sisyphus,Albert Camus,1942
151,And the Band Played On,Randy Shilts,1987
152,Ten Days That Shook the World,John Reed,1919
153,On the Revolutions of the Heavenly Spheres,Nicolaus Copernicus,1543
154,Hippocratic Corpus,Hippocrates,-300
155,The Common Sense Book of Baby and Child Care,Benjamin Spock,1946
156,How to Win Friends and Influence People,Dale Carnegie,1936
157,Eminent Victorians,Lytton Strachey,1918
158,Tristes Tropiques,Claude Lévi-Strauss,1955
159,Journals: 1889-1913,André Gide,
160,History of My Life,Giacomo Casanova,1822
161,The Theory of the Leisure Class,Thorstein Veblen,1899
162,The Fire Next Time,James Baldwin,1963
163,"Roll, Jordan, Roll",Eugene Genovese,1972
164,Zen and the Art of Motorcycle Maintenance,Robert M. Pirsig,1974
165,An American Dilemma,Gunnar Myrdal,1944
166,Christ Stopped at Eboli: The Story of a Year,Carlo Levi,1945
167,The Looming Tower,Lawrence Wright,2006
168,The Autobiography of Benjamin Franklin,Benjamin Franklin,1771
169,"Guns, Germs, and Steel",Jared Diamond,1997
170,The Mismeasure of Man,Stephen Jay Gould,1981
171,The Conservative Mind,Russell Kirk,1953
172,A Bright Shining Lie,Neil Sheehan,1988
173,Histories,Cornelius Tacitus,110
174,Aspects of the Novel,E. M. Forster,1927
175,Hell's Angels,Hunter S. Thompson,1965
176,Long Walk to Freedom: The Autobiography of Nelson Mandela,Nelson Mandela,1995
177,The Journal of Jules Renard,Jules Renard,1925
178,Up from Slavery,Booker T. Washington,1901
179,Children of Crisis,Robert Coles,1967
180,The Age of Reform,Richard Hofstadter,1955
181,The Frontier in American History,Frederick Jackson Turner,1920
182,The Omnivore's Dilemma,Michael Pollan,
183,A Heartbreaking Work of Staggering Genius,Dave Eggers,2000
184,Nature and Destiny of Man,Reinhold Niebuhr,1943
185,Up in the Old Hotel,Joseph Mitchell,1992
186,I Ching,China,-1400
187,A Long Way Gone: Memoirs of a Boy Soldier,Ishmael Beah,
188,In the Heart of the Sea,Nathaniel Philbrick,2001
189,Common Ground,J. Anthony Lukas,1985
190,Main Currents in American Thought,Vernon L Parrington,1927
191,Notes of a Native Son,James Baldwin,1955
192,Freakonomics,"Steven D. Levitt, Stephen J. Dubner",2005
193,The Wealth of Nations,Adam Smith,1776
194,A Mathematician's Apology,G. H. Hardy,1940
195,Small Is Beautiful: Economics as if People Mattered,E. F. Schumacher,1973
196,A Sand County Almanac,Aldo Leopold,1949
197,Pilgrim at Tinker Creek,Annie Dillard,1975
198,Me Talk Pretty One Day,David Sedaris,2000
199,The Selfish Gene,Richard Dawkins,
200,Principia Mathematica,Issac Newton,1687
201,The Worst Journey in the World,Robert Falcon Scott,1922
202,Encyclopédie,Denis Diderot,1751
203,The Rise and Fall of the Third Reich,William L. Shirer,1960
204,Patriotic Gore,Edmund Wilson,1962
205,Words,Jean Paul Sartre,1963
206,The Man Who Mistook His Wife for a Hat,Oliver Sacks,
207,Essays and Aphorisms,Arthur Schopenhauer,1860
208,The Making of the English Working Class,E. P. Thompson,1963
209,The Bookseller of Kabul,Asne Seierstad,2003
210,Dreams from My Father,Barack Obama,2004
211,The Face of Battle,John Keegan,1976
212,The Interesting Narrative of the Life of Olaudah Equiano,Olaudah Equiano,1798
213,Bury My Heart at Wounded Knee,Dee Alexander Brown,1970
214,The Unconscious,Sigmund Freud,1890
215,Birthday Letters,Ted Hughes,1998
216,Being and Time,Martin Heidegger,1927
217,Two Treatises of Government,John Locke,1689
218,Future Shock: The Third Wave,Alvin Toffler,1980
219,Memoirs of Cardinal De Retz ,Cardinal de Retz,1717
220,The Hedgehog and the Fox,Isaiah Berlin,1953
221,The Memoirs of the Duke of Saint-Simon on the Reign of Louis XIV. and the Regency,Louis de Rouvroy Saint-Simon (duc de),1755
222,Letters to a Young Poet,Rainer Maria Rilke,1934
223,"Eats, Shoots and Leaves",Lynne Truss,2003
224,Parting the Waters,Taylor Branch,1988
225,Essays of E. B. White,E. B. White,1977
226,The Voyage of the Beagle,Charles Darwin,1839
228,Genetics and the Origin of Species,Theodosius Dobzhansky,1937
229,Coming of Age in Samoa,Margaret Mead,1928
230,Euclid's Elements,Euclid,-280
231,The Harmony of the Worlds,Johannes Kepler,1619
232,Enneads,Plotinus,250
233,Mein Kampf,Adolf Hitler,
234,Smoking and Health,Surgeon General,1962
235,Dust Tracks on a Road: An Autobiography,Zora Neale Hurston,1942
236,Satyagraha in South Africa,Gandhi,1928
237,The Argonauts,Maggie Nelson,2015
238,Reveille in Washington,Margaret Leech,1942
239,Common Sense,Thomas Paine,1775
240,The Revolt of the Masses,José Ortega y Gasset,1929
241,This Boy's Life,Tobias Wolff,1989
242,Team of Rivals: The Political Genius of Abraham Lincoln,Doris Kearns Goodwin,
243,Rationalism in Politics,Michael Oakeshott,1962
244,The Ants,"E. O. Wilson, Bert Hölldobler",1990
245,Economy and Society,Max Weber,1922
246,Sociobiology,Edward O. Wilson,1975
247,The Habit of Being,Flannery O'Connor,1978
248,Voices from Chernobyl,Svetlana Alexievich,2005
249,Centesimus Annus,Pope John Paul II,1991
250,The Age of Jackson,"Arthur M. Schlesinger, Jr",1945
251,The Pursuit of the Millennium,Norman Cohn,1957
252,The Sixth Extinction: An Unnatural History,Elizabeth Kolbert,2014
253,The Great Terror,Robert Conquest,1968
254,The Noonday Demon,Andrew Solomon,2001
255,Chronicles of Wasted Time,Malcolm Muggeridge,1972
256,América Hispánica: (1492-1898),Guillermo Céspedes del Castillo,1980
257,Metaphysics,Aristotle,
258,The Art of Memory,Frances A. Yates,1966
259,Present at the Creation,Dean Acheson,1969
260,The Hare with Amber Eyes: A Family's Century of Art and Loss,Edmund de Waal,2010
261,The American Language,H. L. Mencken,1919
262,Roughing It,Mark Twain,1872
263,Moneyball,Michael M. Lewis,
264,The Lives of a Cell,Lewis Thomas,1974
265,The Everlasting Man,G. K. Chesterton,1925
266,Reading Lolita in Tehran,Azar Nafisi,2003
267,An Essay Concerning Human Understanding,John Locke,1690
268,Maximes,François duc de La Rochefoucauld,1680
269,The House of Morgan,Ron Chernow,1990
270,Les Caractères ,Jean de La Bruyère,1688
271,The Shock Doctrine: The Rise of Disaster Capitalism,Naomi Klein,2007
272,Lettres de madame de Sévigné,Marie de Rabutin-Chantal marquise de Sévigné,1696
273,Radical Chic and Mau-Mauing the Flak Catchers,Tom Wolfe,1970
274,On Food and Cooking: The Science and Lore of the Kitchen,Harold McGee,1984
275,The Provincial Letters,Blaise Pascal,1656
276, The Unheavenly City,Edward C. Banfield,1970
277,Critique of Pure Reason,Immanuel Kant,1781
278,James Joyce,Richard Ellmann,1983
279,The Liars' Club,Mary Karr,1995
280,Bad Science,Ben Goldacre,2008
281,Seven Years in Tibet,Heinrich Harrer,1952
282,London: The Biography,Peter Ackroyd,2000
283,The Invention of Solitude,Paul Auster,1982
284,Letters from a Stoic,Seneca,65
285,The Crisis of European Sciences and Transcendental Phenomenology,Edmund Husserl,1936
286,The Rise of Theodore Roosevelt,Edmund Morris,1979
287,The End of History and the Last Man,Francis Fukuyama,1992
288,Correspondence,Voltaire,1778
289,"Unbroken: A World War II Story of Survival, Resilience, and Redemption",Laura Hillenbrand,
290,Notes from a Small Island,Bill Bryson,1995
291,The Devil In The White City,Erik Larson,2003
292,The Reluctant Fundamentalist,Mohsin Hamid,2007
293,Either Or,Soren Kierkegaard,1843
294,All the President's Men,"Bob Woodward, Carl Bernstein",
295,Tell Me How It Ends: An Essay in 40 Questions,Valeria Luiselli,2017
296,The Works of Max Beerbohm,Max Beerbohm,1896
297,Duke of Deception,Geoffrey Wolff,1979
298,Priestdaddy: A Memoir,Patricia Lockwood,2017
299,Essential Cuisine,Michel Bras,
300,El Bulli: 1998-2002,"Ferran Adria, Juli Soler, Albert Adria",2002
301,"Our Band Could Be Your Life: Scenes from the American Indie Underground, 1981-1991",Michael Azerrad,2001
302,Hollywood Babylon,Kenneth Anger,1959
303,The Americans,Robert Frank,1958
304,Larousse Gastronomique: The World's Greatest Culinary Encyclopedia,Joël Robuchon,2009
305,Philosophical Writings,Novalis,1801
306,The Social Contract,Jean-Jacques Rousseau,1762
307,"Gödel, Escher, Bach",Douglas Hofstadter,1979
308,God and Man at Yale,"William F. Buckley, Jr",1951
309,Ideas Have Consequences,Richard M. Weaver,1948
310, The Economy of Cities,Jane Jacobs,1969
311,The Closing of the American Mind,Allan Bloom,1987
312,Ethnic America,Thomas Sowell,1981
313,A Vindication of the Rights of Woman,Mary Wollstonecraft,1798
314,Reveries of a Solitary Walker,Jean-Jacques Rousseau,1782
315,The True History of the Conquest of New Spain,Bernal Díaz del Castillo,1576
316,Borstal Boy, Brendan Behan,1958
317,Pavel's Letters,Monika Maron,1999
318,The Drowned and the Saved,Primo Levi,1986
319,Wittgenstein's Nephew,Thomas Bernhard,1982
320,"Emile, or On Education",Jean-Jacques Rousseau,1762
321,Life is a Carawanserai Has Two Doors I Went in One I Came out the Other,Emine Sevgi Özdamar,
322,Down Second Avenue, Es'kia Mphahlele,1959
323,Before Night Falls, Reinaldo Arenas,1992
324,The Memory of Fire Trilogy,Eduardo Galeano,1986
325,Hideous Kinky, Esther Freud,1992
326,Love's Work,Gillian Rose,1995
327,Cataract,Mykhaylo Osadchy,1971
328,Promise at Dawn,Romain Gary,1960
329,Memoirs of My Nervous Illness,Daniel Paul Schreber,1903
330,Three Case Histories,Sigmund Freud,1963
331,Storm of Steel,Ernst Jünger,1920
332,The Rebel,Albert Camus,1951
333,The Struggle for Europe,Chester Wilmot,1952
334,The Road from Coorain,Jill Ker Conway,1989
335,Zeitoun,Dave Eggers,2009
336,Systematic Theology,Wolfhart Pannenberg,1988
337,The Campaign of the Marne,Sewell Tyng,1925
338,North,Seamus Heaney,1975
339,Titi Livi Ab urbe condita libri,Livy,-9
340,Tractatus Logico-Philosophicus,Ludwig Wittgenstein,1921
341,Insight: A Study of Human Understanding,Bernard Lonergan,1957
342,Disraeli,Robert Blake,1967
343,Democracy and Leadership,Irving Babbitt,1924
344,The Machiavellians,James Burnham,1943
345,Reflections of a Russian Statesman,Konstantin P. Pobedonostsev,1898
346,The Armies of the Night,Norman Mailer,1968
347,A Dictionary of the English Language,Samuel Johnson,1755
348,The Hero with a Thousand Faces,Joseph Campbell,1949
349,The ABC of Reading,Ezra Pound,1934
350,Second World War,John Keegan,1990
351,The Making of Homeric Verse,Milman Parry,1971
352,Great Bridge,David McCullough,1972
353,Care of the Soul: Guide for Cultivating Depth and Sacredness,Thomas More,1992
354,The Strange Ride of Rudyard Kipling,Angus Wilson,1977
355,Scrutiny,F. R. Leavis,1947
356,The Edge of the Sword,Charles De Gaulle,1960
357, Bureaucracy,Ludwig von Mises,1945
358,Balzac,Stefan Zweig,1946
359,The Good Society,Walter Lippmann,1937
360,The Christian Tradition,Jaroslav Pelikan,1973
361,Strange Defeat,Marc Bloch,1944
362,Looking Back,Norman Douglas,1998
363, Mont-Saint-Michel and Chartres,Henry Adams,1918
364,How to Cook,Delia Smith,1971
365,On War,Carl Von Clausewitz,1832
366,Citizens,Simon Schama,1989
367,The Life of Charlotte Brontë,Elizabeth Gaskell,1857
368,Poetry and the Age,Randall Jarrell,1953
369,Love in the Western World,Denis de Rougemont,1939
370,Wealth and Poverty,George Gilder,1981
371,Darwin's Black Box,Michael J. Behe,1996
372,The Way the World Works,Jude Wanniski,1978
373,To the Finland Station,Edmund Wilson,1940
374,Civilisation,Kenneth Clark,1969
375,The Russian Revolution,Richard Pipes,1990
376,A People's History of the United States,Howard Zinn,1980
377,The Idea of History,R. G. Collingwood,1946
378,The Last Lion,William Manchester,1988
379,The Starr Report,Kenneth W. Starr,1998
380,"I, Rigoberta Menchú: An Indian Woman in Guatemala",Rigoberta Menchú Tum,1983
381,Charter of the United Nations,United Nations,1945
382,The Subjection of Women,John Stuart Mill,1869
383,The New Negro: The Life of Alain Locke,Jeffrey C. Stewart,2018
384,King Solomon's Ring,Konrad Lorenz,1949
385,Epitome of Copernican Astronomy,Johannes Kepler,1617
386,On Death and Dying,Elisabeth Kübler-Ross,1969
387,On Narcissism,Sigmund Freud,1914
388,Superhighway--superhoax,Helen Leavitt,1970
389,Woman Suffrage and Politics: The Inner Story of the Suffrage Movement,Carrie Chapman Catt,1923
390,The Protestant Ethic and the Spirit of Capitalism,Max Weber,1904
391,Physics and Philosophy,Werner Heisenberg,1934
392,Treatise on Radioactivity,Marie Curie,1910
393,Sisterhood Is Powerful,robin morgan ,1970
394,What Is Life?,Erwin Schrödinger,1929
395,What Is Metaphysics?,Martin Heidegger,1930
396,Edith Wharton: A Biography,R. W. B. Lewis,1975
397,"Etiquette in Society, in Business, in Politics and at Home",Emily Post,1922
398,Thoughts for the Times on War and Death,Sigmund Freud,1952
399,The Nature of Life,C. H. Waddington,1961
400,The Acquisitive Society,R. H. Tawney,1921
401,Mencius,Mencius,-400
402,A Theory Of The Consumption Function,Milton Friedman,1936
403,A General Introduction to Psycho-Analysis,Sigmund Freud,1952
404,Instincts and Their Vicissitudes,Sigmund Freud,1915
405,The Problems of Philosophy,Bertrand Russell,1912
406,Discussion with Einstein on Epistemology,Niels Bohr,1965
407,Structural Anthropology,Claude Lévi-Strauss,1963
408,Scientific Autobiography and Other Papers,Max Planck,1949
409,Evicted: Poverty and Profit in the American City,Matthew Desmond,2016
410,A Field Guide to the Birds,Roger Tory Peterson,1934
411,Group Psychology and the Analysis of the Ego,Sigmund Freud,1922
412,The House on Henry Street,Lillian D. Wald,1915
413,"Observations on ""Wild"" Psycho-Analysis",Sigmund Freud,1952
414,Studies in the Psychology of Sex,Havelock Ellis,1900
415,An Introduction to Mathematics,Alfred North Whitehead,1910
416,Der Judenstaat,Theodor Herzl,1896
417,The Life of the Bee,Maurice Maeterlinck,1901
418,The Politics of Ecstasy,Timothy Leary,1968
419,An Introduction to Metaphysics,Henri Bergson,1903
420,The Origin and Development of Psycho-Analysis,Sigmund Freud,1952
421,The Meaning of Truth,Will James,1909
422,Russia Leaves the War,George F. Kennan,1956
423,The Word of God and the Word of Man,Karl Barth,1952
424,The Story of My Life,Helen Keller,1903
425,The Future Prospects of Psycho-Analytic Therapy,Sigmund Freud,1910
426,Against Our Will,Susan Brownmiller,1975
427,An Autobiography of Anthony Trollope,Anthony Trollope,1883
428,The Haunted Land,Tina Rosenberg,1995
429,The Artist's Way,Julia Cameron,1992
430,Science and Hypothesis,Henri Poincaré,1905
431,The Ego and the Id,Sigmund Freud,1923
432,"Inhibitions, Symptoms, and Anxiety",Sigmund Freud,1893
433,Essays in Sociology,Max Weber,1958
434,The Expanding Universe,Arthur Eddington,1948
435,The First Tycoon: The Epic Life of Cornelius Vanderbilt,T. J. Stiles,2009
436,A Stillness at Appomattox,Bruce Catton,1953
437,The Courage to Be,Paul Tillich,1952
438,The Swerve: How the World Became Modern,Stephen Greenblatt,2011
439,The Path to Power,Robert Caro,1982
440,The Wretched of the Earth,Frantz Fanon,1961
441,Selected Papers on Hysteria,Sigmund Freud,1912
442,Democratic Vistas,Walt Whitman,1871
443,Growing Up Absurd,Paul Goodman,1960
444,Ball Four,Jim Bouton,1970
445,The Pillow Book,Sei Shōnagon,1002
446,Twenty Years at Hull-House,Jane Addams,1910
447,The Uses of Enchantment,Bruno Bettelheim,1976
448,The Diversity of Life,Edward O. Wilson,1992
449,The Autobiography of Lincoln Steffens,Lincoln Steffens,1931
450,The Voices of Marrakesh: A Record of a Visit,Elias Canetti,1978
451,Suicide,Emile Durkheim,1897
452,There Are No Children Here,Alex Kotlowitz,1991
453,Why I Am Not a Christian,Bertrand Russell,1927
454,The Whole Internet: User's Guide & Catalog,Ed Krol,1992
455,Experience in Education,John Dewey,1938
456,The Family of Man, Edward Steichen,1955
457,Atomic Theory and the Description of Nature,Niels Bohr,1952
458,Master of the Senate,Robert Caro,2002
459,Kafka's Other Trial,Elias Canetti,1974
460,Repression,Sigmund Freud,1950
461,Basic Documents in American History,Richard Brandon Morris,1956
462,Armenian Atrocities: The Murder of a Nation,Arnold Toynbee,1915
463,A Fire on the Moon,Norman Mailer,1970
464,The Battle with the Slum,Jacob A. Riis,1902
465,Records of the Grand Historian,Sima Qian,-91
466,New Introductory Lectures on Psycho-Analysis,Sigmund Freud,1933
467,Science and the Modern World,Alfred North Whitehead,1925
468,Beyond the Pleasure Principle,Sigmund Freud,1920
469,The Hemingses of Monticello,Annette Gordon-Reed,2008
470,Almagest,Ptolemy,150
471,My Fight for Birth Control,Margaret Sanger,1931
472,The Great War and Modern Memory,Paul Fussell,1975
473,West With the Night,Beryl Markham,1942
474,Why We Can't Wait,Martin Luther King,1964
475,Three Cups of Tea,"Greg Mortenson, David Oliver Relin",2006
476,Narrative of the Life of Frederick Douglass,Frederick Douglass,1845
477,The Journalist and the Murderer,Janet Malcolm,1990
478,Shadow and ACT,Ralph Ellison,1964
479,Nickel And Dimed,Barbara Ehrenreich,2001
480,The Unsettling of America,Wendell Berry,1960
481,The Tao of Physics,Fritjof Capra,1975
482,Kaffir Boy,Mark Mathabane,1986
483,"Protestant, Catholic, Jew",Will Herberg,1955
484,Natural Right and History,Leo Strauss,1953
485,After Virtue,Alasdair MacIntyre,1981
486,Persons and Places,George Santayana,1944
487,The Stripping of the Altars,Eamon Duffy,1992
488,The New Science of Politics,Eric Voegelin,1952
489,Lost in the Cosmos,Walker Percy,1983
490,Prejudices,H. L. Mencken,1919
491,The Whig Interpretation of History,Herbert Butterfield,1931
492,My Childhood,Maxim Gorky,1913
493,Teacher in America,Jacques Barzun,1945
494,A History of Philosophy,Frederick Charles Copleston,1946
495,Religion and the Rise of Western Culture,Christopher Dawson,1950
496,The Triumph of the Therapeutic,Philip Rieff,1966
497,Understanding Poetry,"Robert Penn Warren, Cleanth Brooks",1938
498,The Great Chain of Being,Arthur Lovejoy,1936
499,Between the World and Me,Ta-Nehisi Coates,2015
500,First They Killed My Father: A Daughter of Cambodia Remembers,Loung Ung,2000
501,Microbe Hunters,Paul de Kruif,1926
502,Napoleon,Vincent Cronin,1971
503,Galapagos: World's End,William Beebe,1924
504,The Reason Why,Cecil Woodham-Smith,1953
505,The Name Above the Title: An Autobiography,Frank Capra,1971
506,One Two Three . . . Infinity: Facts and Speculations of Science,George Gamow,1947
507,The Two-Ocean War: A Short History of the United States Navy in the Second World War,Samuel Eliot Morison,1963
508,Escape from Freedom,Erich Fromm,1941
509,Roosevelt: The Lion and the Fox (1882–1940),James MacGregor Burns,1956
510,The Emperor of All Maladies: A Biography of Cancer,Siddhartha Mukherjee,2010
511,Fun Home: A Family Tragicomic,Alison Bechdel,2006
512,The Proper Study of Mankind,Isaiah Berlin,1997
513,Red Scarf Girl,Ji-li Jiang,1998
514,Experience,Martin Amis,2000
515,I Have Lived a Thousand Years,Livia Bitton-Jackson,1997
516,The Principia Mathematica,"Alfred North Whitehead, Bertrand Russell",1913
517,The Kon-Tiki Expedition: By Raft Across the South Seas,Thor Heyerdahl,1948
518,Venice,Jan Morris,
519,Zami: A New Spelling of My Name,Audre Lorde,1982
520,The Nicomachean Ethics,Aristotle,-400
521,Born to Run,Chris McDougall,2009
522,Kitchen Confidential,Anthony Bourdain,
523,The Son of a Servant,August Strindberg,1886
524,"Human, All Too Human",Friedrich Nietzsche,1878
525,The Twilight of the Idols and The Antichrist,Friedrich Nietzsche,1889
526,I Will Bear Witness,Victor Klemperer,1998
527,The 18th Brumaire of Louis Bonaparte,Karl Marx,1852
528,Letters from an American Farmer,J. Crevecoeur,1782
529,My Life,Leon Trotsky,1929
530,Germania,Cornelius Tacitus,98
531,Homo Ludens: A Study of the Play-Element in Culture,Johan Huizinga,1938
532,A History of the World in 100 Objects,Neil MacGregor,
533,"Daring Greatly: How the Courage to Be Vulnerable Transforms the Way We Live, Love, Parent, and Lead",Brené Brown,
534,The Mirror and the Lamp,Meyer Howard Abrams,1953
535,The Art of the Soluble: Creativity and Originality in Science,Peter B. Medawar,1967
536,All But My Life,Gerda Weissmann Klein,1957
537,A Theory of Justice,John Rawls,1971
538,My Forbidden Face,Latifa,2001
539,Art and Illusion,Ernest H. Gombrich,1960
540,A Man in Love: My Struggle,Karl Ove Knausgaard,2013
541,Falling Leaves,Adeline Yen Mah,1997
542,Principia Ethica,George Moore,1903
543,In My Hands,Irene Opdyke,1999
544,Philosophy and Civilization,John Dewey,1931
545,On Growth and Form,D'Arcy Wentworth Thompson,1917
546,Funny in Farsi,Firoozeh Dumas,2003
547,Ideas and Opinions,Albert Einstein,1954
548,The Afterlife: A Memoir,Donald Antrim,2006
549,The Light of the World,Elizabeth Alexander,2015
550,The Gentrification of the Mind,Sarah Schulman,2012
551,Albert Murray: Collected Essays & Memoirs,Albert Murray,2016
552,Men We Reaped,Jesmyn Ward,2013
553,The Best We Could Do: An Illustrated Memoir,Thi Bui,2017
554,Enrique's Journey,Sonia Nazario,2006
555,American Shaolin,Matthew Polly,2006
556,Chinese Cinderella,Adeline Yen Mah,1999
557,Eating Animals,Jonathan Safran Foer,2009
558,"""Surely You're Joking, Mr. Feynman!"": Adventures of a Curious Character",Richard P. Feynman,1985
559,Staying Power: The History of Black People in Britain,Peter Fryer,1984
560,Soul of a Citizen: Living with Conviction in Challenging Times,Paul Rogat Loeb,1999
561,Madame Curie - A Biography by Eve Curie,Eve Curie,2001
562,"Why the West Rules - For Now: The Patterns of History, and What They Reveal About the Future",Ian Morris,2010
563,The Death of Woman Wang MMP,Jonathan Spence,1978
564,The Private Life of Chairman Mao,Li Zhi-Sui,1994
565,The Frugal Superpower: America's Global Leadership in a Cash-Strapped Era,Michael Mandelbaum,2010
566,Farm Hands: Hard Work and Hard Lessons from Western New York Fields,Tom Rivers,
567,Ain't No Makin' It: Aspirations and Attainment in a Low-income Neighborhood,Jay MacLeod,1987
568,Science and Civilisation in China,Joseph Needham,1954
569,The Autobiography of Mark Twain,Mark Twain,1959
570,The Spirit of St. Louis,Charles Lindbergh,1953
571,Consider The Lobster,David Foster Wallace,2005
572,Slavery by Another Name,Douglas A. Blackmon,2008
573,Last Train to Memphis,Peter Guralnick,1994
574,All Over But The Shoutin',Rick Bragg,1999
575,The Spirit Catches You and You Fall Down,Anne Fadiman,1997
576,Mary Chestnut's Civil War,Mary Chesnut,1982
577,Backlash,Susan Faludi,1991
578,The Age of Wonder: How the Romantic Generation Discovered the Beauty and Terror of Science,Richard Holmes,2008
579,We Wish to Inform You That Tomorrow We Will Be Killed With Our Families: Stories from Rwanda,Philip Gourevitch,1998
580,John Adams,David McCullough,2001
581,Growing Up,Russell Baker,1982
582,"Far From the Tree: Parents, Children and the Search for Identity",Andrew Solomon,2012
583,Orientalism,Edward W. Said,1978
584,Arctic Dreams,Barry Lopez,1986
585,Mastering the Art of French Cooking,"Julia Child, Simone Beck, Louisette Bertholle",1961
586,The Good War,Studs Terkel,1984
587,United States: Essays 1952-1992,Gore Vidal,1993
588,A Distant Mirror,Barbara Tuchman,1978
589,The Warmth of Other Suns: The Epic Story of America's Great Migration,Isabel Wilkerson,2010
590,"The Making of the President, 1960",Theodore White,1961
591,We Tell Ourselves Stories in Order to Live: Collected Nonfiction,Joan Didion,2006
592,Anti-intellectualism in American Life,Richard Hofstadter,1963
593,The Forever War,Dexter Filkins,2008
594,The God Delusion,Richard Dawkins,2006
595,Working,Studs Terkel,1974
596,Darkness Visible,William Styron,1989
597,The Beauty Myth,Naomi Wolf,1991
598,Lives of the Artists,Giorgio Vasari,1908
599,Schott's Original Miscellany,Ben Schott,2002
600,A Year in Provence,Peter Mayle,1989
601,A People's Tragedy,Orlando Figes,1996
602,Diaries,Alan Clark,1983
603,A History of the Crusades,Stephen Runciman,1951
604,The Origins of the Second World War,A. J. P. Taylor,1961
605,A History of the English-Speaking Peoples ,Winston Churchill,1956
606,The Anglo-Saxon Chronicle,Unknown,875
607,A Child Called 'It' ,Dave Pelzer,1995
608,Geography,Ptolemy,150
609,Memoirs of a Fox-Hunting Man,Siegfried Sassoon,1928
610,In the American Grain,William Carlos Williams,1925
611,Cadillac Desert,Marc Reisner,1986
612,The Sweet Science,A. J. Liebling,1956
613,Religion And The Rise Of Capitalism,R. H. Tawney,1922
614,A Preface to Morals,Walter Lippmann,1929
615,The Gate of Heavenly Peace,Jonathan Spence,1982
616,The Strange Career of Jim Crow,C. Vann Woodward,1955
617,The Rise of the West,William H. McNeill,1991
618,The Gnostic Gospels,Elaine Pagels,1979
619,Florence Nightingale,Cecil Woodham-Smith,1983
620,Studies in Iconology,Erwin Panofsky,1939
621,The Strange Death of Liberal England,George Dangerfield,1935
622,Vermeer,Lawrence Gowing,1952
623,The American Political Tradition,Richard Hofstadter,1948
624,Contours of American History,William Appleman Williams,1961
625,The Promise of American Life,Herbert Croly,1909
626,The Taming of Chance,Ian Hacking,1990
627,Operating Instructions,Anne Lamott,1994
628,Melbourne,David Cecil,1954
629,Entropy,"Jeremy Rifkin, Ted Howard",
630,"The Road Less Travelled: A New Psychology of Love, Traditional Values and Spiritual Growth",M. Scott Peck,1978
631,How Democracies Perish,Jean François Revel,1983
632,Free to Choose: A Personal Statement,"Milton Friedman, Rose Friedman",1980
633,The Dancing Wu Li Masters,Gary Zukav,1979
634,Mountains Beyond Mountains: One doctor's quest to heal the world,Tracy Kidder,2003
635,Areopagitica,John Milton,1644
636,Crito,Plato,-399
637,An Anatomical Exercise on the Motion of the Heart and Blood in Living Beings,William Harvey,1628
638,Euthyphro,Plato,-399
639,Sybil,Flora Rheta Schreiber,1973
640,Against Interpretation,Susan Sontag,1966
641,Stamped from the Beginning: The Definitive History of Racist Ideas in America,Ibram X. Kendi,2016
642,"The Transformation of Virginia, 1740-1790",Rhys L. Isaac,1983
643,"The Triumphant Empire: Thunder-Clouds Gather in the West, 1763-1766",Lawrence H. Gipson,1962
644,Sontag: Her Life and Work,Benjamin Moser,2019
645,Eleanor and Franklin,Joseph P. Lash,1972
646,The Man From New York: John Quinn and His Friends,Benjamin Lawrence Reid,1969
647,Prophets of Regulation,Thomas K. McCraw,1984
648,"The Undying: Pain, vulnerability, mortality, medicine, art, time, dreams, data, exhaustion, cancer, and care",Anne Boyer,2019
649,In the Days of McKinley,Margaret Leech,1960
650,The Flowering of New England,Van Wyck Brooks,1937
651,The Dead Are Arising,Les Payne,2020
652,The Problem of Slavery in the Age of Emancipation,David Brion Davis,2013
653,Island on Fire: The Revolt That Ended Slavery in the British Empire,Tom Zoellner,2020
654,The Sea Around Us,Rachel Carson,1951
655,Dreamland: The True Tale of America's Opiate Epidemic,Sam Quinones,2014
656,Directorate S: The C.I.A. and America's Secret Wars in Afghanistan and Pakistan,Steve Coll,2017
657,Say Nothing,Patrick Radden Keefe,2019
658,The Evangelicals: The Struggle to Shape America,Frances FitzGerald,2016
659,W.E.B. Du Bois: The Fight for Equality and The American Century,David Levering Lewis,2001
660,John C. Calhoun: American Portrait,Margaret Louise Coit,1951
661,Becoming a Man: Half a Life Story,Paul Monette,1992
662,A Daughter of the Middle Border,Hamlin Garland,1922
663,Benjamin Franklin,Carl Van Doren,1938
664,John Keats,Walter Jackson Bate,1964
665,Sweet Taste of Liberty: A True Story of Slavery and Restitution in America,W. Caleb McDaniel,2019
666,"W.E.B. Dubois : Biography of a Race, 1868–1919",David Levering Lewis,1993
667,The End of the Myth: From the Frontier to the Border Wall in the Mind of America,Greg Grandin,2019
668,The Yellow House,Sarah M. Broom,2019
669,A History of American Magazines,Frank Luther Mott,1939
670,The Raven,Marquis James,1930
671,Edmund Pendleton 1721–1803,David J. Mays,1952
672,Arab and Jew,David K. Shipler,1986
673,Puritan Village: The Formation of a New England Town,Sumner Chilton Powell,1963
674,Henry Adams,Ernest Samuels,1965
675,The Return,Hisham Matar,2016
676,Black Flags: The Rise of ISIS,Joby Warrick,2015
677,Paul Revere and the World He Lived In,Esther Forbes,1942
678,The War of Independence,Claude H. Van Tyne,1929
679,Washington's Crossing,David Hackett Fischer,2003
680,The Price of Power,Seymour M. Hersh,1982
681,Voyagers to the West: A Passage in the Peopling of America on the Eve of the Revolution,Bernard Bailyn,1987
682, Blood in the Water: The Attica Prison Uprising of 1971 and Its Legacy,Heather Ann Thompson,2016
683,Lamy of Santa Fe,Paul Horgan,1975
684,Son of the Wilderness,Linnie Marsh Wolfe,1946
685,Fortunate Son: The Autobiography of Lewis B. Puller Jr.,Lewis B. Puller,1991
686,Encounters at the Heart of the World,Elizabeth A. Fenn,2014
687,Peter the Great: His Life and World,Robert K. Massie,1980
688,"Woodrow Wilson, Life and Letters",Ray Stannard Baker,1939
689,Custer's Trials,T.J. Stiles,2016
690,"Woodrow Wilson, American Prophet",Arthur Walworth,1959
691,The Fate of Liberty: Abraham Lincoln and Civil Liberties,"Mark E. Neely, Jr",1991
692,A Civil Action,Jonathan Harr,1996
693,The Founding of New England,James Truslow Adams,1921
694,The Life of Andrew Jackson,Marquis James,1937
695,The Training of an American: The Earlier Life and Letters of Walter H. Page,Burton J. Hendrick,1928
696,The Taft Story,William S. White,1955
697,"Robert Frost: The Years of Triumph, 1915–1938",Lawrence Thompson,1971
698,"Devil in the Grove: Thurgood Marshall, the Groveland Boys, and the Dawn of a New America",Gilbert King,2012
699,The Republican Era: 1869-1901,"Leonard D. White, Jean Schneider",1959
700,Roosevelt and Hopkins,Robert E. Sherwood,1949
701,The Life of Sir William Osler,Harvey Cushing,1925
702,Summer for the Gods,Edward Larson,1997
703,Across the Wide Missouri,Bernard DeVoto,1947
704,Fire in the Lake,Frances FitzGerald,1972
705,John Paul Jones,Samuel Eliot Morison,1959
706,Whitman,Emory Holloway,1927
707,Huey Long,Thomas Harry Williams,1969
708,Herman Melville,Newton Arvin,1950
709,Origins of the Fifth Amendment,Leonard W. Levy,1968
710,Roosevelt: The Soldier Of Freedom,James MacGregor Burns,1970
711,The Era of Good Feelings,George Dangerfield,1952
712,George Bancroft: Brahmin Rebel,Russel Blaine Nye,1945
713, A History of the Civil War,James Ford Rhodes,1918
714,Grant: A Biography,William S. McFeely,1981
715,Is There No Place On Earth For Me?,Susan Sheehan,1982
716,The Colonial Period of American History,Charles McLean Andrews,1935
717,The Future Is History: How Totalitarianism Reclaimed Russia,Masha Gessen,2017
718,Prairie Fires: The American Dreams of Laura Ingalls Wilder,Caroline Fraser,2017
719,Luce and His Empire,W. A. Swanberg,1973
720,Charles Evans Hughes,Merlo J. Pusey,1951
721,Khrushchev: The Man and His Era,William Taubman,2003
722,The Road to Reunion,Paul Herman Buck,1900
723,With Americans of Past and Present Days,Jean Jules Jusserand,1916
724,Lenin's Tomb: The Last Days of the Soviet Empire,David Remnick,1994
725,Charles W. Eliot,Henry James,1930
726,Weapons and Hope,Freeman Dyson,1983
727,George F. Kennan: An American Life,John Lewis Gaddis,2011
728,The Years of Extermination,Saul Friedlander,2007
729,Imperial Reckoning,Caroline Elkins,2005
730,Ghost Wars,Steve Coll,2004
731,Double Fold: Libraries and the Assault on Paper,Nicholson Baker,2001
732,de Kooning,"Mark Stevens, Annalyn Swan",2005
733,The Course of American Democracy,Robert V. Remini,1984
734,The American Leonardo: The Life of Samuel F B. Morse,Carleton Mabee,1943
735,Facts of Life,Maureen Howard,1977
736,Theodore Roosevelt,Henry F. Pringle,1932
737,"The Prize: The Epic Quest for Oil, Money, and Power",Daniel Yergin,1990
738,Amity and Prosperity: One Family and the Fracturing of America,Eliza Griswold,2018
739,How We Die: Reflections on Life's Final Chapter,Sherwin B. Nuland,1994
740,A Midwife's Tale,Laurel Thatcher Ulrich,1990
741,The Shock of the New,Robert Hughes,1980
742,The Rising Sun,John Toland,1970
743,Original Meanings,Jack N. Rakove,1997
744,Freedom From Fear: The American People,David M. Kennedy,1999
745,Grover Cleveland,Allan Nevins,1934
746,The Measure of Man,Joseph Wood Krutch,1954
747,"The Coming of the War, 1914",Bernadotte E. Schmitt,1931
748,A Thousand Days,"Arthur M. Schlesinger, Jr",1966
749,Walter Lippmann and the American Century,Ronald Steel,1980
750,An American in Italy,Herbert Kubly,1955
751,"The Impending Crisis, 1841-1867",David M. Potter,1977
752,Neither Black Nor White,Carl N. Degler,1972
753,Barbarian Days: A Surfing Life,William Finnegan,2015
754,The Gulf: The Making of An American Sea,Jack E. Davis,2018
755,John Quincy Adams and the Foundations of American Foreign Policy,Samuel Flagg Bemis,1949
756,John Hay,Tyler Dennett,1933
757,Frederick Douglass: Prophet of Freedom,David W. Blight,2018
758,The Land Where the Blues Began,Alan Lomax,1993
759,And Their Children After Them,"Dale Maharidge, Michael Williamson",1989
760,The Content of Our Character,Shelby Stelle,1989
761,Charles Sumner and the Coming of the Civil War,David Donald,1961
762,Move Your Shadow,Joseph Lelyveld,1985
763,Liberty's Exiles: American Loyalists in the Revolutionary World,Maya Jasanoff,2011
764,No Ordinary Time,Doris Kearns Goodwin,1995
765,Memoirs,George Frost Kennan,1968
766,The Course of Empire,Bernard A. DeVoto,1952
767,Machiavelli in Hell,Sebastian de Grazia,1989
768,The People's Choice,Herbert Agar,1933
769,Sons of Mississippi,Paul Hendrickson,2002
770,Beautiful Swimmers,William Warner,1976
771,The Most Famous Man in America,Debby Applegate,2007
772,Ralph Waldo Emerson,Ralph L. Rusk,1950
773,Freedom,Orlando Patterson,1991
774,The American Orchestra and Theodore Thomas,Charles Edward Russell,1927
775,A Constitutional History of the United States,Andrew C. McLaughlin,1935
776,Vera,Stacy Schiff,2000
777,In Our Image: America's Empire in the Philippines,Stanley Karnow,1989
778,The American Revolution: A Constitutional Interpretation,Charles Howard McIlwain,1924
779,My Experiences in the World War,John J. Pershing,1932
780,Eichmann in Jerusalem: A Report on the Banality of Evil,Hannah Arendt,1963
781,Embracing Defeat: Japan in the Wake of World War II,John W. Dower,1999
782,The Atlantic Migration,Marcus Lee Hansen,1860
783,Barrett Wendell and His Letters,M. A. Dewolfe Howe,1925
784,"American Education: The National Experience, 1783-1876",Lawrence A. Cremin,1981
785,Benjamin Henry Latrobe,Talbot Faulkner Hamlin,1956
786,Scientists Against Time,James Phinney Baxter III,1947
787,The Life of John Marshall,Albert J. Beveridge,1919
788,Pedlar's Progress,Odell Shepard,1938
789,The Lion and the Throne,Catherine Drinker Bowen,1957
790,The Growth of American Thought,Merle Curti,1943
791,The Heavens and the Earth,Walter A. McDougall,1986
792,"Brother, I'm Dying",Edwidge Danticat,2007
793,Julia Ward Howe,"Laura E. Richards, Maud Howe Elliott",1916
794,Stilwell and the American Experience in China,Barbara Wertheim Tuchman,1971
795,Newjack: Guarding Sing Sing,Ted Conover,2001
796,Abraham Lincoln: The War Years,Carl Sandburg,1939
797,Mr. Clemens and Mark Twain,Justin Kaplan,1966
798,The Rape of Europa,Lynn Nicholas,1995
799,Pinckney's Treaty,Samuel Flagg Bemis,1927
800,The Supreme Court in United States History,Charles Warren,1924
801,A Nation under Our Feet,Steven Hahn,2003
802,Arc of Justice,Kevin Boyle,2004
803,Carry Me Home,Diane McWhorter,2001
804,The War with Mexico,Justin H. Smith,1920
805,The Victory at Sea,William Sowden Sims,1921
806,When Breath Becomes Air,Paul Kalanithi,2016
807,The Ideological Origins of the American Revolution,Bernard Bailyn,1968
808,The Life and Letters of Walter H. Page,Burton J. Hendrick,1923
809,The Visible Hand,"Alfred D. Chandler, Jr",1977
810,Bad Land: An American Romance,Jonathan Raban,1996
811,History of the American Frontier,Frederic L. Paxson,1924
812,What Hath God Wrought,Daniel Walker Howe,2007
813,Forgotten First Citizen: John Bigelow,Margaret Clapp,1948
814,Johnathan Edward,Ola Elizabeth Winslow,1941
815,Unfinished Business,Stephen Bonsal,2004
816,Munich: The Price of Peace,Telford Taylor,1979
817,O Strange New World,Howard Mumford Jones,1964
818,Between War and Peace: The Potsdam Conference,Herbert Feis,1960
819,The Greenback Era,Irwin Unger,1965
820,Why Survive? Being Old in America,Robert Neil Butler,1975
821,Oscar Wilde,Richard Ellmann,1988
822,Hirohito and the Making of Modern Japan,Herbert P. Bix,2000
823,Louise Bogan: A Portrait,Elizabeth Frank,1986
824,Crusader in Crinoline,Forrest Wilson,1942
825,Polio: An American Story,David M. Oshinsky,2005
826,Lincoln at Gettysburg,Garry Wills,1992
827,The Significance of Sections in American History,Frederick J. Turner,1933
828,Eden's Outcasts,Jon Matteson,2008
829,Medical Apartheid,Harriet A. Washington,2007
830,"Behind the Beautiful Forevers: Life, Death, and Hope in a Mumbai Undercity",Katherine Boo,2012
831,Jackson Pollock: An American Saga,"Steven Naifeh, Gregory White Smith",1989
832,Washington: A Life,Ron Chernow,2010
833,A Prince of Our Disorder: The Life of T E. Lawrence,John E. Mack,1976
834,A History of the United States,Edward Channing,1926
835,American Lion: Andrew Jackson in the White House,Jon Matteson,2009
836,"The Old Northwest, Pioneer Period 1815-1840",R. Carlyle Buley,1951
837,Five Days at Memorial: Life and Death in a Storm-Ravaged Hospital,Sheri Fink,2013
838,Banks and Politics in America,Bray Hammond,1957
839,Gotham: A History of New York City,Edwin G. Burrows,1998
840,"Benjamin Franklin, Self-Revealed",William Cabell Bruce,1917
841,Art and Life in America,Oliver W. Larkin,1950
842,The Social Transformation of American Medicine,Paul Starr,1982
843,"Time, Love, Memory",Jonathan Weiner,1999
844,Admiral of the Ocean Sea,Samuel Eliot Morison,1942
845,American Prometheus,"Kai Bird, Martin J. Sherwin",2005
846,The Pope and Mussolini,David I. Kertzer,2014
847,Harriet Beecher Stowe: A Life,Joan D. Hedrick,1994
848,Toms River: A Story of Science and Salvation,Dan Fagin,2013
849,The Autobiography of William Allen White,William Allen White,1946
850,The Dred Scott Case,Don E. Fehrenbacher,1979
851,The Life and Times of Cotton Mather,Kenneth Silverman,1984
852,The Life of the Mind in America,Perry Miller,1965
853,On Human Nature,E. O. Wilson,1979
854,Great River: The Rio Grande in North American History,Paul Horgan,1955
855,The Americanization of Edward Bok,Edward Bok,1921
856,"The Internal Enemy: Slavery and War in Virginia, 1772-1832",Alan Taylor,2013
857,The Reformation,Diarmaid MacCulloch,2003
858,The Broken Cord,Michael Dorris,1988
859,From Immigrant to Inventor,Michael I. Pupin,1924
860,The Unwinding: An Inner History of the New America,George Packer,2013
861,From Beirut to Jerusalem,Thomas L. Friedman,1995
862,The Americans: The Democratic Experience,Daniel J. Boorstin,1973
863,The Problem of Slavery in Western Culture,David Brion Davis,1966
864,Lords of Finance: The Bankers Who Broke the World,Liaquat Ahamed,2009
865,William Cooper's Town,Alan Taylor,1995
866,Exploration and Empire: The Explorer and the Scientist in the Winning of the American West,William H. Goetzmann,1966
867,The Disruption of American Democracy,Roy Franklin Nichols,1948
868,George Washington,Douglas Southall Freeman,1957
869,Mistress to an Age: A Life of Madame De Stael,J. Christopher Herold,1958
870,War Without Mercy,John W. Dower,1986
871,Wandering Through Winter,Edwin Way Teale,1965
872,The Dead Hand: The Untold Story of the Cold War Arms Race and Its Dangerous Legacy,David Hoffman,2009
873,The Thought and Character of William James,Ralph Barton Perry,1935
874,"Washington, Village and Capital, 1800-1878",Constance McLaughlin Green,1963
875,Personal History,Katharine Graham,1997
876,Hamilton Fish,Allan Nevins,1937
877,Ashes to Ashes,Richard Kluger,1996
878,Just Kids,Patti Smith,2010
879,Rousseau and Revolution,"Will, Ariel Durant",1967
880,People of Paradox,Michael Kammen,1973
881,The Uprooted,Oscar Handlin,1952
882,The Soul of a New Machine,Tracy Kidder,1981
883,The Race Beat,"Gene Roberts, Hank Klibanoff",2006
884,An Army at Dawn,Rick Atkinson,2002
885,Margaret Fuller: A New American Life,Megan Marshall,2013
886,So Human an Animal,René Dubos,1969
887,Waiting for Snow in Havana: Confessions of a Cuban Boy,Carlos Eire,2003
888,Been in the Storm So Long,Leon F. Litwack,1979
889,The Worst Hard Time,Timothy Egan,2005
890,Grundrisse: Foundations of the Critique of Political Economy,Karl Marx,1858
891,Bearing the Cross: Martin Luther King Jr. and the Southern Christian Leadership Conference,David J. Garrow,1986
892,The Denial of Death,Ernest Becker,1973
893,Gandhi's Truth,Erik H. Erikson,1969
894,God: A Biography,Jack Miles,1995
895,"Age of Ambition: Chasing Fortune, Truth, and Faith in the New China",Evan Osnos,2014
896,Days of Sorrow and Pain: Leo Baeck and the Berlin Jews,Leonard Baker,1978
897,Legacy of Ashes: The History of the CIA,Tim Weiner,2007
898,"The Black Count: Glory, Revolution, Betrayal, and the Real Count of Monte Cristo",Tom Reiss,2012
899,Man and His Symbols,Carl Jung,1964
900,"Booker T. Washington: The Wizard of Tuskegee, 1901–1915",Louis R. Harlan,1983
901,A Problem from Hell: America and the Age of Genocide,Samantha Power,2002
902,"The Launching of Modern American Science, 1846-1876",Robert V. Bruce,1987
903,The Dragons of Eden,Carl Sagan,1977
904,The Radicalism of the American Revolution,Gordon S. Wood,1992
905,The Metaphysical Club: A Story of Ideas,Louis Menand,2001
906,Lindbergh,A. Scott Berg,1989
907,Locking Up Our Own: Crime and Punishment in Black America,James Forman,2017
908,The Beak of the Finch: A Story of Evolution in Our Time,Jonathan Weiner,1994
909,Rough Crossings,Simon Schama,2005
910,"O'Neill, Son and Artist",Louis Sheaffer,1974
911,Gulag: A History,Anne Applebaum,2003
912,Malcolm X: A Life of Reinvention,Manning Marable,2011
913,Embers of War: The Fall of an Empire and the Making of America's Vietnam,Fredrik Logevall,2012
914,Fin-de-Siècle Vienna,Carl E. Schorske,1980
915,The Fiery Trial: Abraham Lincoln and American Slavery,Eric Foner,2010
916,Young Men and Fire,Norman Maclean,1993
917,The Organization and Administration of the Union Army,Fred Albert Shannon,1928
918,Annals of the Former World,John McPhee,1998
919,Founding Brothers: The Revolutionary Generation,Joseph Ellis,2000
920,Postwar,Tony Judt,2005
921,Bad Blood,Lorna Sage,2001
922,No Logo,Naomi Klein,2000
923,Chronicles: Volume One,Bob Dylan,2004
924,The World as Will and Idea,Arthur Schopenhauer,1818
925,The Age of Reason,Thomas Paine,1794
926,"A Testament of Hope: The Essential Writings and Speeches of Martin Luther King, Jr.",Martin Luther King,1986
927,Meditations on First Philosophy,Rene Descartes,1641
928,Scepticism and Animal Faith,George Santayana,1923
929,The Sickness Unto Death,Soren Kierkegaard,1849
930,Atlas,Gerardus Mercator,1585
931,Biographia Literaria,Samuel Taylor Coleridge,1817
932,Canon of Medicine,Avicenna,1025
933,Kama Sutra,Vātsyāyana,200
934,Essays of Henry David Thoreau,Henry David Thoreau,1862
935,Catiline Orations,Marcus Tullius Cicero,-63
936,The Consolation of Philosophy,Boethius,524
937,Secondhand Time: The Last of the Soviets,Svetlana Alexievich,2013
938,Sapiens: A Brief History of Humankind,Yuval Noah Harari,2011
939,Capital in the Twenty-First Century,Thomas Piketty,2013
940,A Death in the Family,Karl Ove Knausgaard,2009
941,Into Thin Air,Jon Krakauer,1997
942,Hope in the Dark,Rebecca Solnit,2004
943,Why Be Happy When You Could Be Normal?,Jeanette Winterson,2011
944,Women & Power: A Manifesto,Mary Beard,2017
945,Underland,Robert Macfarlane,2019
946,This House of Grief,Helen Garner,2014
947,Seven Brief Lessons on Physics,Carlo Rovelli,2014
948,The Age of Surveillance Capitalism,Shoshana Zuboff,2019
949,Nothing to Envy,Barbara Demick,2009
950,"Thinking, Fast and Slow",Daniel Kahneman,2011
951,One Writer's Beginnings,Eudora Welty,1983
952,The Spirit Level,Richard Wilkinson,2009
953,The 9/11 Commission Report,9/11 Commission,2004
954,Travels in the Interior Districts of Africa,Mungo Park,1795
955,The Cost of Living,Deborah Levy,
956,Adults in the Room,Yanis Varoufakis,2017
957,The Rest is Noise,Alex Ross,2007
958,I Feel Bad About My Neck,Nora Ephron,2006
959,Guerrilla Warfare,Che Guevara,1961
960,"The Theory of Economic Development: An Inquiry into Profits, Capital, Credit, Interest, and the Business Cycle",Joseph A. Schumpeter,1911
961,The Clash of Civilizations ,Samuel P. Huntington,1996
962,Crusade and Jihad: Islam and the Christian World,Bassam Tibi,2001
963,The Story of Art,E. H. Gombrich,1950
964,The Songlines,Bruce Chatwin,1987
965,The Other Education: What you should know about the natural sciences,Ernst Peter Fischer,2001
966,An Inconvenient Truth: The Planetary Emergency of Global Warming and What We Can Do About It,Al Gore,2006
967,German History 1800–1918,Thomas Nipperdey,1983
968,Desert Flower,"Waris Dirie, Cathleen Miller",1998
969,The Meaning of Hitler,Sebastian Haffner,1978
970,A Short History Of Nearly Everything,Bill Bryson,2003
971,A Childhood: The Biography of a Place,Harry Crews,1978
972,Pictures At A Revolution,Mark Harris,2008
973,Fast Food Nation,Eric Schlosser,2001
974,The Road to Oxiana,Robert Byron,1937
975,Down and Out in Paris and London,George Orwell,1933
976,Rising Tide,John Barry,1997
977,Untold Stories,Alan Bennett,2005
978,The American Way of Death,Jessica Mitford,1963
979,Beyond Freedom and Dignity,B. F. Skinner,1971
980,Cybernetics,Norbert Wiener,1950
981,Syntactic Structures,Noam Chomsky,1957
982,I and Thou,Martin Buber,1923
983,Reflections on the Revolution in France,Edmund Burke,1790
984,A Treatise of Human Nature,David Hume,1739
985,An Essay on the Principle of Population,Thomas Robert Malthus,1798
986,Journals,"Meriwether Lewis, William Clark",1814
987,"Wind, Sand and Stars",Antoine de Saint-Exupéry,1940
988,The Exploration of the Colorado River,John Wesley Powell,1875
989,Arabian Sands,Wilfred Thesiger,1959
990,Annapurna,Maurice Herzog,1951
991,Payback: Debt and the Shadow Side of Wealth,Margaret Atwood,2008
992,Travels,Marco Polo,1298
993,Farthest North,Fridtjof Nansen,1898
994,Two Years Before the Mast,Richard Henry Dana,1840
995,The Mind of the South,W. J. Cash,1929
996,South,Ernest Shackleton,1919
997,A Short Walk in the Hindu Kush,Eric Newby,1958
998,Kon-Tiki,Thor Heyerdahl,1951
999,Travels in West Africa,Mary Kingsley,1897
1000,Journals (Cook),James Cook,1779
1001,Home of the Blizzard,Douglas Mawson,1912
1002,Sailing Alone Around the World,Joshua Slocum,1899
1003,A Wilderness Narrative,David Roberts,1970
1004,The Mountain of My Fear,David Roberts,1968
1005,Naked,David Sedaris,1997
1006,First Footsteps in East Africa,Richard Burton,1856
1007,The Perfect Storm,Sebastian Junger,1997
1008,Survival In Auschwitz,Primo Levi,1946
1009,Blankets,Craig Thompson,2003
1010,The Oregon Trail,Francis Parkman,1847
1011,Through the Dark Continent,Henry M. Stanley,1878
1012,A Lady's Life in the Rocky Mountains,Isabella L. Bird,1879
1013,In the Land of White Death,Valerian Albanov,1917
1014,Seabiscuit,Laura Hillenbrand,2001
1015,Endurance,F. A. Worsley,1931
1016,Scrambles Amongst the Alps,Edward Whymper,1871
1017,Scott's Last Expedition: The Journals,Robert Falcon Scott,1913
1018,Everest: The West Ridge,Thomas Hornbein,1965
1019,Journey Without Maps,Graham Greene,1936
1020,Killers of the Dream,Lillian Smith,1949
1021,Starlight and Storm,Gaston Rébuffat,1954
1022,My First Summer in the Sierra,John Muir,1911
1023,Borrowed Time,Paul Monette,1988
1024,My Life as an Explorer,Sven Hedin,1925
1025,Praying for Sheetrock,Melissa Fay Greene,1991
1026,In Trouble Again,Redmond O'Hanlon,1988
1027,The Man Who Walked Through Time,Colin Fletcher,1968
1028,K2 The Savage Mountain,"Charles Houston, Robert Bates",1954
1029,Gipsy Moth Circles the World,Francis Chichester,1967
1030,Man-Eaters of Kumaon,Jim Corbett,1944
1031,Alone,Richard Byrd,1938
1032,Stranger in the Forest,Eric Hansen,1988
1033,Travels in Arabia Deserta,Charles M. Doughty,1888
1034,The Royal Road to Romance,Richard Halliburton,1925
1035,The Long Walk,Slavomir Rawicz,1956
1036,Mountaineering in the Sierra Nevada,Clarence King,1872
1037,North Toward Home,Willie Morris,1967
1038,Imperial Life in the Emerald City,Rajiv Chandrasekaran,2006
1039,The Glass Castle,Jeannette Walls,2005
1040,My Journey to Lhasa,Alexandra David-Neel,1927
1041,Journal of the Discovery of the Source of the Nile,John Hanning Speke,1863
1042,Running the Amazon,Joe Kane,1989
1043,Alive,Piers Paul Read,1974
1044,The Principal Navigations,Richard Hakluyt,1582
1045,Moondust: In Search of the Men Who Fell to Earth,Andrew Smith,2005
1046,Incidents of Travel in Yucatan,John Lloyd,1843
1047,Collapse,Jared Diamond,2005
1048,Shipwreck of the Whaleship Essex,Owen Chase,1821
1049,Mystery and Manners,Flannery O'Connor,1969
1050,The Blank Slate,Steven Pinker,2002
1051,Writing Degree Zero,Roland Barthes,1953
1052,My Life As an Explorer (Amundsen),Roald Amundsen,1927
1053,News from Tartary,Peter Fleming,1936
1054,Annapurna: A Woman's Place,Arlene Blum,1980
1055,Peeling the Onion,Günter Grass,2006
1056,The Order of Things,Michel Foucault,1966
1057,Mutiny on the Bounty,William Bligh,1790
1058,Adrift,Steven Callahan,1986
1059,Incidents in the Life of a Slave Girl,Harriet Jacobs,1861
1060,Salvation on Sand Mountain,Dennis Covington,1996
1061,Lanterns on the Levee,William Alexander Percy,1941
1062,Castaways,Alvar Núñez Cabeza de Vaca,1542
1063,Touching the Void,Joe Simpson,1989
1064,Tracks,Robyn Davidson,1980
1065,The Adventures of Captain Bonneville,Washington Irving,1837
1066,Cooper's Creek,Alan Moorehead,1963
1067,The Fearful Void,Geoffrey Moorhouse,1974
1068,No Picnic on Mount Kenya,Felice Benuzzi,1948
1069,Friday Night Lights,H. G. Bissinger,2004
1070,Through the Brazilian Wilderness,Theodore Roosevelt,1914
1071,Écrits: The First Complete Edition in English,Jacques Lacan,1966
1072,England in Particular,"Sue Clifford, Angela King",2006
1073,Minus 148,Art Davidson,1969
1074,The Theater and Its Double,Antonin Artaud,1938
1075,Giving up the Ghost,Hilary Mantel,2003
1076,Travels (Ibn Battúta),Ibn Battúta,1354
1077,"Eat, Pray, Love",Elizabeth Gilbert,2006
1078,Jaguars Ripped My Flesh,Tim Cahill,1987
1079,Journal of a Trapper,Osborne Russell,1914
1080,Full Tilt,Dervla Murphy,1965
1081,I'll Take My Stand,Twelve Southerners,1930
1082,Let's Talk About Love,Carl Wilson,2007
1083,Terra Incognita,Sara Wheeler,1996
1084,Fatal Purity: Robespierre and the French Revolution,Ruth Scurr,2006
1085,We Die Alone,David Howarth,1943
1086,Kabloona,Gontran de Poncins,1941
1087,An Evil Cradling,Brian Keenan,1991
1088,Conquistadors of the Useless,Lionel Terray,1961
1089,Carrying the Fire,Michael Collins,1974
1090,My Father and other Working-Class Football Heroes,Gary Imlac,2005
1091,Blue Like Jazz,Donald Miller,2003
1092,Adventures in the Wilderness,William H. H. Murray,1869
1093,The Burder of Southern History,C. Vann Woodward,1993
1094,The Message In the Bottle,Walker Percy,1975
1095,The Ascent of Money: A Financial History of the World,Niall Ferguson,2008
1096,The Mountains of My Life,Walter Bonatti,1998
1097,Great Heart,"James West Davidson, John Rugge",1988
1098,Maximum City: Bombay Lost and Found,Suketu Mehta,2004
1099,Comfort Me with Apples,Ruth Reichl,2001
1100,Journal of the Voyage to the Pacific,Alexander Mackenzie,1801
1101,This Republic of Suffering: Death and the American Civil War,Drew Gilpin Faust,2008
1102,Random Family,Adrian Nicole LeBlanc,2003
1103,The Valleys of the Assassins,Freya Stark,1934
1104,"Berlin: The Downfall, 1945",Antony Beevor,2002
1105,The Silent World,Jacques Cousteau,1953
1106,Alaska Wilderness,Robert Marshall,1956
1107,"Letters and Notes on the Manners, Customs, and Conditions of the North American Indians",George Catlin,1841
1108,The Earl of Louisiana,A. J. Liebling,1970
1109,Origins of the New South,C. Vann Woodward,1951
1110,I Married Adventure,Osa Johnson,1940
1111,The Descent of Pierre Saint-Martin,Norbert Casteret,1954
1112,Killing Yourself to Live,Chuck Klosterman,2005
1113,The Crystal Horizon,Reinhold Messner,1982
1114,Narrative of a Journey Across the Rocky Mountains to the Columbia River,John Kirk Townsend,1839
1115,The Predators' Ball,Connie Bruck,1988
1116,Grizzly Years,Doug Peacock,1990
1117,America,John Stewart,2004
1118,One Man's Mountains,Tom Patey,1971
1119,A Critique of the Theory of Evolution,Thomas Hunt Morgan,1916
1120,The True Believer,Eric Hoffer,1951
1121,The Works of Archimedes,Archimedes,-212
1122,Snobbery: The American Version,Joseph Epstein,2002
1123,Treatise on Electricity and Magnetism,James Clerk Maxwell,1873
1124,"Boswell's London Journal, 1762-1763",James Boswell,1763
1125,Judgement and Reasoning in the Child,Jean Piaget,1928
1126,"Theophrastus: His Psychological, Doxographical, and Scientific Writings","William Wall Fortenbaugh, Dimitri Gutas",1992
1127,Nixonland,Rick Perlstein,2008
1128,The Wisdom Of Crowds,James Surowiecki,2004
1129,Phenomenology of Mind,G. W. F. Hegel,1807
1130,The Anatomy of Melancholy,Robert Burton,1621
1131,My Early Life,Winston Churchill,1930
1132,The Raw and the Cooked,Claude Lévi-Strauss,1969
1133,Ariel,Sylvia Plath,1965
1134,My Life in France,Julia Child,2006
1135,This Hallowed Ground,Bruce Catton,1956
1136,Whoredom in Kimmage,Rosemary Mahoney,1993
1137,How to Be a Domestic Goddess: Baking and the Art of Comfort Cooking,Nigella Lawson,2000
1138,The Writer on Her Work,Janet Sternburg,1980
1139,The Lost City of Z,David Grann,2009
1140,War Is a Force that Gives Us Meaning,Chris Hedges,2002
1141,Symposium,Plato,-370
1142,Great Plains,Ian Frazier,1989
1143,Pulphead: Essays,John Jeremiah Sullivan,2011
1144,Behaviorism,John Watson,1930
1145,The Revenge of Gaia,James Lovelock,2006
1146,Theory of Games and Economic Behavior,John Von Neumann,1944
1147,Blue Highways: A Journey into America,William Least Heat-Moon,1982
1148,De Profundis,Oscar Wilde,1905
1149,The Suspicions of Mr Whicher,Kate Summerscale,2008
1150,Conditioned Reflexes,Ivan Pavlov,1927
1151,Motivation and Personality,Abraham Maslow,1954
1152,The Great Tradition,F. R. Leavis,1948
1153,Encyclicals of Pope John XXIII,Pope John XXIII,1965
1154,Sexual Behavior in the Human Male,Alfred C. Kinsey,1948
1155,Race Matters,Cornel West,1994
1156,Change We Can Believe In,Barack Obama,2008
1157,A Walker in the City,Alfred Kazin,1951
1158,Them: A Memoir Of Parents,Francine du Plessix Gray,2005
1159,One Man's Meat,E. B. White,1944
1160,Coming of Age in the Milky Way,Timothy Ferris,1988
1161,AA Big Book,Bill W,1939
1162,Under the Eye of the Clock,Christopher Nolan,1987
1163,Tales from Ovid,Ted Hughes,1997
1164,Personal Memoirs of Ulysses S. Grant,U. S. Grant,1885
1165,The Big Sea,Langston Hughes,1940
1166,The Solace of Open Spaces,Gretel Ehrlich,1986
1167,London Orbital: A Year Walking Around the M25,Iain Sinclair,2002
1168,Decline of the West,Oswald Spengler,1918
1169,Other Inquisitions,Jorge Luis Borges,1952
1170,Art and Culture: Critical Essays,Clement Greenberg,1961
1171,Looking at Dance,Edwin Denby,1972
1172,In Search of Our Mothers' Gardens: Prose,Alice Walker,1983
1173,Farewell to Manzanar,"Jeanne Wakatsuki Houston, James D. Houston",1973
1174,The Faraway Nearby,Rebecca Solnit,2013
1175,The Empathy Exams: Essays,Leslie Jamison,2014
1176,Creatures that Once Were Men,Maksim Gorky,1905
1177,Happiness in Marriage,Margaret Sanger,1926
1178,The Edward Hoagland Reader,Edward Hoagland,1979
1179,Experiments on Plant Hybridization,Gregor Mendel,1865
1180,Earth: An Intimate History,Richard Fortey,2004
1181,The Joy of Sex,Alex Comfort,1972
1182,Allegorical Expositions of the Holy Laws,Philo of Alexandria,50
1183,Coleridge: Early Visions,Richard Holmes,1989
1184,Thesaurus of English Words and Phrases,Peter Mark Roget,1852
1185,Anabasis,Xenophon,
1186,Devotions upon Emergent Occasions,John Donne,1624
1187,The Rhetoric of Fiction,Wayne C Booth,1961
1188,The Names,N. Scott Momaday,1976
1189,Psychology of the Unconscious,Carl Jung,1916
1190,How to Cook a Wolf,M. F. K. Fisher,1942
1191,The Masters and the Slaves,Gilberto Freyre,1933
1192,The Immense Journey,Loren Eiseley,1957
1193,Function of the Orgasm,Wilhelm Reich,1973
1194,The History of the Standard Oil Company,Ida Tarbell,1904
1195,The life and letters of Benjamin Franklin,Benjamin Franklin,1790
1196,March: Book One,John Lewis,2013
1197,Domestic Manners of the Americans,Fanny Trollope,1832
1198,Tales from Shakespeare,"Charles Lamb, Mary Lamb",1807
1199,The Diary of Samuel Pepys,Samuel Pepys,1660
1200,The New Science,Giambattista Vico,1725
1201,"Memories, Dreams, Reflections",Carl Jung,1963
1202,In the Shadow of Man,Jane Goodall,1971
1203,Black Elk Speaks,John G. Neihardt,1932
1204,House,Tracy Kidder,1985
1205,Uncertainty Principle,Werner Heisenberg,1935
1206,Natural History,Pliny (the Elder),79
1207,The Pleasure of the Text,Roland Barthes,1975
1208,How We Live,Rust Hills,2003
1209,Taking the World in for Repairs,Richard Selzer,1986
1210,Travels with a Donkey in the Cévennes,Robert Louis Stevenson,1879
1211,Picture,Lillian Ross,1952
1212,The Histories,Polybius,
1213,Documents of Modern Art,Robert Motherwell,1972
1214,A Life's Work: On Becoming a Mother,Rachel Cusk,2001
1215,The Water Is Wide,Pat Conroy,1972
1216,Recollected Essays,Wendell Berry,1981
1217,Reflections from Captivity,Ho Chi Minn,1978
1218,The Uses of Literacy,Richard Hoggart,1957
1219,The Last Days of Hitler,Hugh Trevor-Roper,1947
1220,Culture and Anarchy,Matthew Arnold,1869
1221,Psychological Types,Carl Jung,1921
1222,A Sense of Where You Are,John McPhee,1965
1223,Novum Organum,Francis Bacon,1620
1224,Just Mercy,Bryan Stevenson,2014
1225,The Audacity of Hope,Barack Obama,2006
1226,The Paris Review Interviews,Paris Review,2003
1227,Awopbopaloobop Alopbamboom: The Golden Age of Rock,Nik Cohn,1969
1228,The City of God,Saint Augustine,426
1229,Self-Consciousness,John Updike,1989
1230,Household Education,Harriet Martineau,1848
1231,The Great Railway Bazaar,Paul Theroux,1975
1232,The Diary of Fanny Burney,Fanny Burney,1778
1233,A Life of Picasso,John Richardson,1991
1234,Fiction and the Figures of Life,William H. Gass,1970
1235,The Female Eunuch,Germaine Greer,1970
1236,Being Jordan,Katie Price,2004
1237,The Natural History and Antiquities of Selborne,Gilbert White,1813
1238,The Blair Years,Alastair Campbell,2007
1239,The World Within the Word,William H. Gass,1978
1240,Wonderful Adventures of Mrs. Seacole in Many Lands: Top Crime Story,Mary Seacole,1857
1241,Beelzebub's Tales to His Grandson,George Ivanovitch Gurdjieff,1950
1242,Travels with Charley,John Steinbeck,1962
1243,The Guide for the Perplexed,Moses Maimonides,1190
1244,Patterns of Culture,Ruth Benedict,1934
1245,Study of Organic Inferiority and Its Physical Compensation: A Contribution to Clinical Medicine,Alfred Adler,1917
1246,Works of Gottfried Wilhelm Leibniz,Gottfried Wilhelm Leibniz,1716
1247,The Mind and Society,Vilfredo Pareto,1916
1248,Fargo Rock City,Chuck Klosterman,2001
1249,Hunger of Memory,Richard Rodriguez,1982
1250,Enemies of Promise,Cyril Connolly,1938
1251,London Labour and the London Poor,Henry Mayhew,1851
1252,Ever Since Darwin: Reflections in Natural History,Stephen Jay Gould,1977
1253,For the Union Dead,Robert Lowell,1964
1254,The School and the Child,John Dewey,1906
1255,"Invisible Man, Got the Whole World Watching",Mychal Denzel Smith,2016
1256,The Course in Positive Philosophy,Auguste Comte,1842
1257,Coming into the Country,John McPhee,1976
1258,The Economic Consequences of the Peace,John Maynard Keynes,1919
1259,First Principles,Herbert Spencer,1862
1260,Webster's Dictionary,Noah Webster,1828
1261,"Hydriotaphia, Urn Burial",Sir Thomas Browne,1658
1262,The Road to Wigan Pier,George Orwell,1937
1263,A Book of Mediterranean Food,Elizabeth David,1950
1264,Metaphors of Memory,D. Draaisma,2000
1265,The New Fiction,Joe David Bellamy,1974
1266,A tour thro' the whole island of Great Britain,Daniel Defoe,1727
1267,A Treatise Concerning the Principles of Human Knowledge,George Berkeley,1710
1268,Enquiry Concerning Political Justice,William Godwin,1793
1269,A Drinking Life: A Memoir,Pete Hamill,1994
1270,Brief Lives,John Aubrey,1898
1271,"Men are from Mars, Women are from Venus",John Gray,1992
1272,On Aggression,Konrad Lorenz,1966
1273,What It Takes,Richard Ben Cramer,1988
1274,Cod: A Biography of the Fish that Changed the World,Mark Kurlansky,1997
1275,The History of the World,Sir Walter Raleigh,1614
1276,Surrealist Manifesto,André Breton,1924
1277,Intelligent Life in the Universe,Carl Sagan,1966
1278,Masscult and Midcult: Essays Against the American Grain,Dwight Macdonald,1962
1279,The Hasheesh Eater,Fitz Hugh Ludlow,1857
1280,For a New Novel,Alain Robbe-Grillet,1953
1281,"Our Bodies, Ourselves","Our Bodies, Ourselves",1973
1282,Philosophy of Modern Music,Theodor Adorno,1973
1283,My Kind of Place,Susan Orlean,2004
1284,Superfiction,Joe David Bellamy,1975
1285,Outlines of Pyrrhonism,Sextus Empiricus,175
1286,Confessions of an English Opium-Eater,Thomas de Quincey,1821
1287,Grief Observed,C. S. Lewis,1961
1288,An inquiry into the causes and effects of the variolae vaccinae,Edward Jenner,1798
1289,The Nude: A Study in Ideal Form,Kenneth Clark,1956
1290,The Montessori Method,Maria Montessori,1912
1291,The Engineering of Consent,Edward Bernays,1947
1292,The World Without Us,Alan Weisman,2007
1293,Infidel,Ayaan Hirsi Ali,2007
1294,The Confessions of Nat Turner,"Nat Turner, Thomas R. Gray",1831
1295,On the Babylonian Captivity of the Church,Martin Luther,1520
1296,My Life and Hard Times,James Thurber,1933
1297,"The Influence of Sea Power Upon History, 1660-1783",Alfred Thayer Mahan,1890
1298,Changing My Mind: Occasional Essays,Zadie Smith,2009
1299,Parliament of Whores,P. J. O'Rourke,1991
1300,The Logic of Scientific Discovery,Karl Popper,1934
1301,Mencken Chrestomathy,H. L. Mencken,1949
1302,Awakenings,Oliver Sacks,1973
1303,The Wordy Shipmates,Sarah Vowell,2008
1304,Reliable Essays: The Best of Clive James,Clive James,2001
1305,A Homemade World,Hugh Kenner,1951
1306,The Weather Makers,Tim Flannery,2005
1307,Little Wilson and Big God,Anthony Burgess,1986
1308,Nothing to be Frightened Of,Julian Barnes,2008
1309,Collected essays,Aldous Huxley,1958
1310,Lit: A Memoir,Mary Karr,2009
1311,How the Other Half Lives,Jacob A. Riis,1890
1312,Crazy Salad: Some Things about Women,Nora Ephron,1975
1313,"Catiline's War, The Jugurthine War, Histories",Sallust,-35
1314,Enthusiasms,Bernard Levin,1983
1315,On the Fabric of the Human Body,Andreas Vesalius,1543
1316,The Crack-Up,F. Scott Fitzgerald,1945
1317,The Power Elite,C. Wright Mills,1956
1318,Into the Wild,Jon Krakauer,1996
1319,Mr. Wilson's Cabinet of Wonder,Lawrence Weschler,1995
